<?xml version="1.0" encoding="UTF-8"?>
<!DOCTYPE plist PUBLIC "-//Apple//DTD PLIST 1.0//EN" "http://www.apple.com/DTDs/PropertyList-1.0.dtd">
<plist version="1.0">
<dict>
	<key>bookName</key>
	<string>my_first_book</string>
	<key>btnNextImage</key>
	<string></string>
	<key>btnPrevImage</key>
	<string></string>
	<key>mainBgMusic</key>
	<string></string>
	<key>openingScene</key>
	<string></string>
	<key>scenes</key>
	<dict>
		<key>main_scene</key>
		<dict>
			<key>showNextBtn</key>
			<false/>
			<key>showPrevBtn</key>
			<false/>
			<key>actors</key>
			<dict>
				<key>botonNext_on.png</key>
				<dict>
					<key>uid</key>
					<string>uid1008</string>
					<key>image</key>
					<string>botonNext_on.png</string>
					<key>angle</key>
					<string>0</string>
					<key>draggable</key>
					<false/>
					<key>touchable</key>
					<false/>
					<key>zindex</key>
					<string>0</string>
					<key>height</key>
					<string>82</string>
					<key>width</key>
					<string>82</string>
					<key>top</key>
					<string>240</string>
					<key>left</key>
					<string>300</string>
					<key>scaleX</key>
					<string>1</string>
					<key>scaleY</key>
					<string>1</string>
					<key>anchor</key>
					<false/>
					<key>actors</key>
					<dict>
					</dict>
				</dict>
				<key>otro.png</key>
				<dict>
					<key>uid</key>
					<string>uid1004</string>
					<key>image</key>
					<string>botonNext_on.png</string>
					<key>angle</key>
					<string>0</string>
					<key>draggable</key>
					<false/>
					<key>touchable</key>
					<false/>
					<key>zindex</key>
					<string>0</string>
					<key>height</key>
					<string>82</string>
					<key>width</key>
					<string>82</string>
					<key>top</key>
					<string>240</string>
					<key>left</key>
					<string>300</string>
					<key>scaleX</key>
					<string>1</string>
					<key>scaleY</key>
					<string>1</string>
					<key>anchor</key>
					<false/>
					<key>actors</key>
					<dict>
					</dict>
				</dict>
			</dict>
		</dict>
	</dict>
	<key>showBoundingBox</key>
	<false/>
</dict>
</plist>
